filename,width,height,class_name
attentive_0000.jpg,224,224,attentive
attentive_0001.jpg,224,224,attentive
attentive_0002.jpg,224,224,attentive
attentive_0003.jpg,224,224,attentive
attentive_0004.jpg,224,224,attentive
attentive_0005.jpg,224,224,attentive
attentive_0006.jpg,224,224,attentive
attentive_0007.jpg,224,224,attentive
attentive_0008.jpg,224,224,attentive
attentive_0009.jpg,224,224,attentive
attentive_0010.jpg,224,224,attentive
attentive_0011.jpg,224,224,attentive
attentive_0012.jpg,224,224,attentive
attentive_0013.jpg,224,224,attentive
attentive_0014.jpg,224,224,attentive
attentive_0015.jpg,224,224,attentive
attentive_0016.jpg,224,224,attentive
attentive_0017.jpg,224,224,attentive
attentive_0018.jpg,224,224,attentive
attentive_0019.jpg,224,224,attentive
attentive_0020.jpg,224,224,attentive
attentive_0021.jpg,224,224,attentive
attentive_0022.jpg,224,224,attentive
attentive_0023.jpg,224,224,attentive
attentive_0024.jpg,224,224,attentive
attentive_0025.jpg,224,224,attentive
attentive_0026.jpg,224,224,attentive
attentive_0027.jpg,224,224,attentive
attentive_0028.jpg,224,224,attentive
attentive_0029.jpg,224,224,attentive
attentive_0030.jpg,224,224,attentive
attentive_0031.jpg,224,224,attentive
attentive_0032.jpg,224,224,attentive
attentive_0033.jpg,224,224,attentive
attentive_0034.jpg,224,224,attentive
attentive_0035.jpg,224,224,attentive
attentive_0036.jpg,224,224,attentive
attentive_0037.jpg,224,224,attentive
attentive_0038.jpg,224,224,attentive
attentive_0039.jpg,224,224,attentive
attentive_0040.jpg,224,224,attentive
attentive_0041.jpg,224,224,attentive
attentive_0042.jpg,224,224,attentive
attentive_0043.jpg,224,224,attentive
attentive_0044.jpg,224,224,attentive
attentive_0045.jpg,224,224,attentive
attentive_0046.jpg,224,224,attentive
attentive_0047.jpg,224,224,attentive
attentive_0048.jpg,224,224,attentive
attentive_0049.jpg,224,224,attentive
phone_0000.jpg,224,224,phone
phone_0001.jpg,224,224,phone
phone_0002.jpg,224,224,phone
phone_0003.jpg,224,224,phone
phone_0004.jpg,224,224,phone
phone_0005.jpg,224,224,phone
phone_0006.jpg,224,224,phone
phone_0007.jpg,224,224,phone
phone_0008.jpg,224,224,phone
phone_0009.jpg,224,224,phone
phone_0010.jpg,224,224,phone
phone_0011.jpg,224,224,phone
phone_0012.jpg,224,224,phone
phone_0013.jpg,224,224,phone
phone_0014.jpg,224,224,phone
phone_0015.jpg,224,224,phone
phone_0016.jpg,224,224,phone
phone_0017.jpg,224,224,phone
phone_0018.jpg,224,224,phone
phone_0019.jpg,224,224,phone
phone_0020.jpg,224,224,phone
phone_0021.jpg,224,224,phone
phone_0022.jpg,224,224,phone
phone_0023.jpg,224,224,phone
phone_0024.jpg,224,224,phone
phone_0025.jpg,224,224,phone
phone_0026.jpg,224,224,phone
phone_0027.jpg,224,224,phone
phone_0028.jpg,224,224,phone
phone_0029.jpg,224,224,phone
phone_0030.jpg,224,224,phone
phone_0031.jpg,224,224,phone
phone_0032.jpg,224,224,phone
phone_0033.jpg,224,224,phone
phone_0034.jpg,224,224,phone
phone_0035.jpg,224,224,phone
phone_0036.jpg,224,224,phone
phone_0037.jpg,224,224,phone
phone_0038.jpg,224,224,phone
phone_0039.jpg,224,224,phone
phone_0040.jpg,224,224,phone
phone_0041.jpg,224,224,phone
phone_0042.jpg,224,224,phone
phone_0043.jpg,224,224,phone
phone_0044.jpg,224,224,phone
phone_0045.jpg,224,224,phone
phone_0046.jpg,224,224,phone
phone_0047.jpg,224,224,phone
phone_0048.jpg,224,224,phone
phone_0049.jpg,224,224,phone
laptop_0000.jpg,224,224,laptop
laptop_0001.jpg,224,224,laptop
laptop_0002.jpg,224,224,laptop
laptop_0003.jpg,224,224,laptop
laptop_0004.jpg,224,224,laptop
laptop_0005.jpg,224,224,laptop
laptop_0006.jpg,224,224,laptop
laptop_0007.jpg,224,224,laptop
laptop_0008.jpg,224,224,laptop
laptop_0009.jpg,224,224,laptop
laptop_0010.jpg,224,224,laptop
laptop_0011.jpg,224,224,laptop
laptop_0012.jpg,224,224,laptop
laptop_0013.jpg,224,224,laptop
laptop_0014.jpg,224,224,laptop
laptop_0015.jpg,224,224,laptop
laptop_0016.jpg,224,224,laptop
laptop_0017.jpg,224,224,laptop
laptop_0018.jpg,224,224,laptop
laptop_0019.jpg,224,224,laptop
laptop_0020.jpg,224,224,laptop
laptop_0021.jpg,224,224,laptop
laptop_0022.jpg,224,224,laptop
laptop_0023.jpg,224,224,laptop
laptop_0024.jpg,224,224,laptop
laptop_0025.jpg,224,224,laptop
laptop_0026.jpg,224,224,laptop
laptop_0027.jpg,224,224,laptop
laptop_0028.jpg,224,224,laptop
laptop_0029.jpg,224,224,laptop
laptop_0030.jpg,224,224,laptop
laptop_0031.jpg,224,224,laptop
laptop_0032.jpg,224,224,laptop
laptop_0033.jpg,224,224,laptop
laptop_0034.jpg,224,224,laptop
laptop_0035.jpg,224,224,laptop
laptop_0036.jpg,224,224,laptop
laptop_0037.jpg,224,224,laptop
laptop_0038.jpg,224,224,laptop
laptop_0039.jpg,224,224,laptop
laptop_0040.jpg,224,224,laptop
laptop_0041.jpg,224,224,laptop
laptop_0042.jpg,224,224,laptop
laptop_0043.jpg,224,224,laptop
laptop_0044.jpg,224,224,laptop
laptop_0045.jpg,224,224,laptop
laptop_0046.jpg,224,224,laptop
laptop_0047.jpg,224,224,laptop
laptop_0048.jpg,224,224,laptop
laptop_0049.jpg,224,224,laptop
sleeping_0000.jpg,224,224,sleeping
sleeping_0001.jpg,224,224,sleeping
sleeping_0002.jpg,224,224,sleeping
sleeping_0003.jpg,224,224,sleeping
sleeping_0004.jpg,224,224,sleeping
sleeping_0005.jpg,224,224,sleeping
sleeping_0006.jpg,224,224,sleeping
sleeping_0007.jpg,224,224,sleeping
sleeping_0008.jpg,224,224,sleeping
sleeping_0009.jpg,224,224,sleeping
sleeping_0010.jpg,224,224,sleeping
sleeping_0011.jpg,224,224,sleeping
sleeping_0012.jpg,224,224,sleeping
sleeping_0013.jpg,224,224,sleeping
sleeping_0014.jpg,224,224,sleeping
sleeping_0015.jpg,224,224,sleeping
sleeping_0016.jpg,224,224,sleeping
sleeping_0017.jpg,224,224,sleeping
sleeping_0018.jpg,224,224,sleeping
sleeping_0019.jpg,224,224,sleeping
sleeping_0020.jpg,224,224,sleeping
sleeping_0021.jpg,224,224,sleeping
sleeping_0022.jpg,224,224,sleeping
sleeping_0023.jpg,224,224,sleeping
sleeping_0024.jpg,224,224,sleeping
sleeping_0025.jpg,224,224,sleeping
sleeping_0026.jpg,224,224,sleeping
sleeping_0027.jpg,224,224,sleeping
sleeping_0028.jpg,224,224,sleeping
sleeping_0029.jpg,224,224,sleeping
sleeping_0030.jpg,224,224,sleeping
sleeping_0031.jpg,224,224,sleeping
sleeping_0032.jpg,224,224,sleeping
sleeping_0033.jpg,224,224,sleeping
sleeping_0034.jpg,224,224,sleeping
sleeping_0035.jpg,224,224,sleeping
sleeping_0036.jpg,224,224,sleeping
sleeping_0037.jpg,224,224,sleeping
sleeping_0038.jpg,224,224,sleeping
sleeping_0039.jpg,224,224,sleeping
sleeping_0040.jpg,224,224,sleeping
sleeping_0041.jpg,224,224,sleeping
sleeping_0042.jpg,224,224,sleeping
sleeping_0043.jpg,224,224,sleeping
sleeping_0044.jpg,224,224,sleeping
sleeping_0045.jpg,224,224,sleeping
sleeping_0046.jpg,224,224,sleeping
sleeping_0047.jpg,224,224,sleeping
sleeping_0048.jpg,224,224,sleeping
sleeping_0049.jpg,224,224,sleeping
distracted_0000.jpg,224,224,distracted
distracted_0001.jpg,224,224,distracted
distracted_0002.jpg,224,224,distracted
distracted_0003.jpg,224,224,distracted
distracted_0004.jpg,224,224,distracted
distracted_0005.jpg,224,224,distracted
distracted_0006.jpg,224,224,distracted
distracted_0007.jpg,224,224,distracted
distracted_0008.jpg,224,224,distracted
distracted_0009.jpg,224,224,distracted
distracted_0010.jpg,224,224,distracted
distracted_0011.jpg,224,224,distracted
distracted_0012.jpg,224,224,distracted
distracted_0013.jpg,224,224,distracted
distracted_0014.jpg,224,224,distracted
distracted_0015.jpg,224,224,distracted
distracted_0016.jpg,224,224,distracted
distracted_0017.jpg,224,224,distracted
distracted_0018.jpg,224,224,distracted
distracted_0019.jpg,224,224,distracted
distracted_0020.jpg,224,224,distracted
distracted_0021.jpg,224,224,distracted
distracted_0022.jpg,224,224,distracted
distracted_0023.jpg,224,224,distracted
distracted_0024.jpg,224,224,distracted
distracted_0025.jpg,224,224,distracted
distracted_0026.jpg,224,224,distracted
distracted_0027.jpg,224,224,distracted
distracted_0028.jpg,224,224,distracted
distracted_0029.jpg,224,224,distracted
distracted_0030.jpg,224,224,distracted
distracted_0031.jpg,224,224,distracted
distracted_0032.jpg,224,224,distracted
distracted_0033.jpg,224,224,distracted
distracted_0034.jpg,224,224,distracted
distracted_0035.jpg,224,224,distracted
distracted_0036.jpg,224,224,distracted
distracted_0037.jpg,224,224,distracted
distracted_0038.jpg,224,224,distracted
distracted_0039.jpg,224,224,distracted
distracted_0040.jpg,224,224,distracted
distracted_0041.jpg,224,224,distracted
distracted_0042.jpg,224,224,distracted
distracted_0043.jpg,224,224,distracted
distracted_0044.jpg,224,224,distracted
distracted_0045.jpg,224,224,distracted
distracted_0046.jpg,224,224,distracted
distracted_0047.jpg,224,224,distracted
distracted_0048.jpg,224,224,distracted
distracted_0049.jpg,224,224,distracted
